{
    "model_name": "Support Vector Machine",
    "model_type": "LinearSVC",
    "training_records": 8484,
    "test_records": 2121,
    "target_categories": 16,
    "accuracy": 0.7831211692597831,
    "macro_precision": 0.6444101133325391,
    "macro_recall": 0.6596885391392029,
    "macro_f1": 0.6285097535081381,
    "micro_f1": 0.7831211692597831,
    "random_state": 42,
    "created_at": "2026-07-21T14:26:46.541875",
    "recommendation_architecture": "ML-first prediction followed by readiness validation, bridge-course mapping and SHAP explanation"
}